,href,company
0,https://jobs.51job.com/chengdu-whq/112600268.html?s=01&t=0,江苏云瀚股份有限公司
1,https://jobs.51job.com/chengdu-whq/106096931.html?s=01&t=0,中之保金融科技（成都）有限公司
2,https://jobs.51job.com/chengdu-gxq/105909404.html?s=01&t=0,湖南潭州教育网络科技有限公司成都...
3,https://jobs.51job.com/chengdu/99367330.html?s=01&t=0,一想网络科技（成都）股份有限公司
4,https://jobs.51job.com/chengdu-gxq/111938664.html?s=01&t=0,深圳市意科特实业有限公司
5,https://jobs.51job.com/chengdu-whq/111766423.html?s=01&t=0,上海迪真计算机科技有限公司
6,https://jobs.51job.com/chengdu-jjq/110824768.html?s=01&t=0,四川友信立智能科技有限公司
7,https://jobs.51job.com/chengdu-whq/112433817.html?s=01&t=0,四川弘和集团
8,https://jobs.51job.com/chengdu-jjq/103890844.html?s=01&t=0,成都迈思信息技术有限公司
9,https://jobs.51job.com/chengdu/110037183.html?s=01&t=0,成都智菲科技有限公司
10,https://jobs.51job.com/chengdu-gxq/101820588.html?s=01&t=0,成都易慧家科技有限公司
11,https://jobs.51job.com/chengdu-gxq/107513324.html?s=01&t=0,四川省酒业集团有限责任公司
12,https://jobs.51job.com/chengdu/98817697.html?s=01&t=0,海南太美航空股份有限公司
13,https://jobs.51job.com/chengdu-jnq/112533472.html?s=01&t=0,四川博源科技有限责任公司
14,https://jobs.51job.com/chengdu-gxq/110127883.html?s=01&t=0,曙光信息产业股份有限公司
15,https://jobs.51job.com/chengdu-lqyq/98638016.html?s=01&t=0,成都云禾网信科技有限公司
16,https://jobs.51job.com/chengdu-qyq/98162838.html?s=01&t=0,深圳市风云实业有限公司
17,https://jobs.51job.com/chengdu-whq/105415625.html?s=01&t=0,澜极智谷（北京）科技有限公司四川...
18,https://jobs.51job.com/chengdu-gxq/102225097.html?s=01&t=0,四川智信九鼎科学技术评估有限公司
19,http://career.h3c.com/sc/show_job_detail.php?jobid=109038926,新华三技术有限公司
20,http://career.dell.51job.com/jobinfo.php?jobid=104113730,戴尔（中国）有限公司
21,https://jobs.51job.com/chengdu-jjq/112533974.html?s=01&t=0,小猪短租
22,https://jobs.51job.com/chengdu-gxq/105575315.html?s=01&t=0,成都哈希龙科技合伙企业（有限合伙）
23,https://jobs.51job.com/chengdu-gxq/106383278.html?s=01&t=0,成都小启科技有限责任公司
24,https://jobs.51job.com/chengdu-slq/108071645.html?s=01&t=0,成都国铁电气设备有限公司
25,https://jobs.51job.com/chengdu-xdq/111701415.html?s=01&t=0,广东利世康低碳科技有限公司
26,https://jobs.51job.com/chengdu-gxq/111273173.html?s=01&t=0,成都汇融天下网络科技有限公司
27,https://jobs.51job.com/chengdu/110451977.html?s=01&t=0,传智播客教育集团成都分校
28,https://jobs.51job.com/chengdu-gxq/110785875.html?s=01&t=0,绿盟科技
29,https://jobs.51job.com/beijing-cyq/111630547.html?s=01&t=0,麦田春雪科贸（北京）有限公司
30,https://jobs.51job.com/chengdu-gxq/108261764.html?s=01&t=0,成都吉邦网络技术有限公司
31,https://jobs.51job.com/chengdu/106934978.html?s=01&t=0,彩讯科技股份有限公司
32,https://jobs.51job.com/chengdu-gxq/112246526.html?s=01&t=0,TCL通讯科技（成都）有限公司
33,https://jobs.51job.com/chengdu-gxq/104620239.html?s=01&t=0,成都安美勤信息技术股份有限公司
34,https://jobs.51job.com/chengdu/112392537.html?s=01&t=0,成都网安科技发展有限公司
35,https://jobs.51job.com/chengdu/110602783.html?s=01&t=0,上海微创软件股份有限公司
36,https://jobs.51job.com/chengdu-gxq/108792399.html?s=01&t=0,成都腾尚时代科技有限公司
37,https://jobs.51job.com/chengdu-gxq/109412117.html?s=01&t=0,微慕客（成都）科技有限公司
38,https://jobs.51job.com/chengdu-gxq/88352653.html?s=01&t=0,成都智库二八六一信息技术有限公司
39,https://jobs.51job.com/chengdu-gxq/107812859.html?s=01&t=0,深圳华智共创教育科技有限公司成都...
40,https://jobs.51job.com/chengdu/111991503.html?s=01&t=0,达观数据
41,https://jobs.51job.com/chengdu-jnq/111860003.html?s=01&t=0,成都星杰电子商务有限公司
42,https://jobs.51job.com/chengdu-gxq/97650782.html?s=01&t=0,成都路行通信息技术有限公司
43,https://jobs.51job.com/chengdu-whq/110825506.html?s=01&t=0,成都金飞凌科技有限公司
44,https://jobs.51job.com/chengdu/112195820.html?s=01&t=0,中国电子科技网络信息安全有限公司
45,https://jobs.51job.com/chengdu/109850752.html?s=01&t=0,成都思而科软件有限公司
46,https://jobs.51job.com/chengdu-qyq/105510142.html?s=01&t=0,成都恒图教育咨询有限公司
47,https://jobs.51job.com/chengdu-gxq/111774195.html?s=01&t=0,成都博雅成信科技有限公司
48,https://jobs.51job.com/chengdu-wjq/107121505.html?s=01&t=0,成都易腾创想智能科技有限公司
49,https://jobs.51job.com/chengdu/102525621.html?s=01&t=0,文思海辉技术有限公司Pactera Tec...
50,https://jobs.51job.com/chengdu-jnq/110211223.html?s=01&t=0,四川国软科技发展有限责任公司
51,https://jobs.51job.com/chengdu-gxq/109574713.html?s=01&t=0,深圳市慧择时代科技有限公司
52,https://jobs.51job.com/chengdu-gxq/105624719.html?s=01&t=0,四川明达集团实业有限公司
53,https://jobs.51job.com/chengdu-pdq/109678568.html?s=01&t=0,上海易宝软件有限公司深圳分公司
54,https://jobs.51job.com/chengdu-gxq/111140639.html?s=01&t=0,四川腾信泰和信息技术有限公司
55,https://jobs.51job.com/chengdu-gxq/110866329.html?s=01&t=0,成都高新区人力资源协会
56,https://jobs.51job.com/chengdu-gxq/106934008.html?s=01&t=0,网思科技股份有限公司
57,https://jobs.51job.com/chengdu-jjq/109646236.html?s=01&t=0,四川万豪企业管理咨询有限公司
58,https://jobs.51job.com/chengdu-jjq/109095180.html?s=01&t=0,现代金融控股（成都）有限公司
59,https://jobs.51job.com/chengdu-gxq/110275277.html?s=01&t=0,源讯信息技术（中国）有限公司
60,https://jobs.51job.com/chengdu/112265686.html?s=01&t=0,成都傅立叶电子科技有限公司
61,https://jobs.51job.com/chengdu-jjq/112629987.html?s=01&t=0,阳光人寿保险股份有限公司四川分公司
62,https://jobs.51job.com/chengdu-gxq/109963640.html?s=01&t=0,成都卓杭网络科技股份有限公司
63,https://jobs.51job.com/chengdu-gxq/112628740.html?s=01&t=0,成都思晗科技股份有限公司
64,https://jobs.51job.com/chengdu/112627265.html?s=01&t=0,成都海川同信科技有限公司
65,https://jobs.51job.com/chengdu-jnq/111834067.html?s=01&t=0,图丰信息（成都）有限责任公司
66,https://jobs.51job.com/chengdu/105680051.html?s=01&t=0,民航成都电子技术有限责任公司
67,https://jobs.51job.com/chengdu/112610403.html?s=01&t=0,成都数字天空科技有限公司
68,https://jobs.51job.com/chengdu-gxq/112613770.html?s=01&t=0,四川省数字证书认证管理中心有限公司
69,https://jobs.51job.com/chengdu-gxq/107959979.html?s=01&t=0,成都云鼎丝路信息技术有限公司
70,https://jobs.51job.com/luzhou/112314984.html?s=01&t=0,泸州倍赛达科技有限公司
71,https://jobs.51job.com/chengdu/110793793.html?s=01&t=0,成都天软信息技术有限公司
72,https://jobs.51job.com/chengdu-gxq/105005936.html?s=01&t=0,四川中疗网络科技有限公司
73,https://jobs.51job.com/chengdu-gxq/112604883.html?s=01&t=0,浙江企朋网络技术股份有限公司
74,https://jobs.51job.com/chengdu-gxq/104312967.html?s=01&t=0,成都宏佑科技有限公司
75,https://jobs.51job.com/chengdu/105665157.html?s=01&t=0,宜高美信息服务（成都）有限公司
76,https://jobs.51job.com/chengdu-pdq/112600806.html?s=01&t=0,北京智锐新科科技有限公司
77,https://jobs.51job.com/chengdu/102173461.html?s=01&t=0,成都易我科技开发有限责任公司
78,https://jobs.51job.com/chengdu-gxq/112599879.html?s=01&t=0,成都阿商信息技术有限公司
79,https://jobs.51job.com/chengdu-gxq/112566455.html?s=01&t=0,成都甲乙方程科技有限公司
80,https://jobs.51job.com/chengdu-whq/110268217.html?s=01&t=0,成都数博视科技有限公司
81,https://jobs.51job.com/chengdu/103315993.html?s=01&t=0,成都四方伟业软件股份有限公司
82,https://jobs.51job.com/chengdu-jjq/112573607.html?s=01&t=0,四川妥妥递科技有限公司
83,https://jobs.51job.com/chengdu-whq/112588704.html?s=01&t=0,成都微矿科技有限公司
84,https://jobs.51job.com/chengdu/112580497.html?s=01&t=0,成都世纪顶点科技有限公司
85,https://jobs.51job.com/chengdu-gxq/112584099.html?s=01&t=0,成都卡普数据服务有限责任公司
86,https://jobs.51job.com/chengdu-gxq/110802160.html?s=01&t=0,成都柚子文化传媒有限公司
87,https://jobs.51job.com/chengdu-gxq/112560149.html?s=01&t=0,成都智博伟创网络科技有限公司
88,https://jobs.51job.com/chengdu/108394432.html?s=01&t=0,成都阿拉蕾科技有限公司
89,https://jobs.51job.com/nanjing-yhtq/111475752.html?s=01&t=0,亚信科技（成都）有限公司
90,https://jobs.51job.com/chengdu/110904386.html?s=01&t=0,成都唐源电气股份有限公司
91,https://jobs.51job.com/chengdu-whq/111739270.html?s=01&t=0,杭州卖客网络科技有限公司
92,https://jobs.51job.com/chengdu-gxq/110634255.html?s=01&t=0,上海移柯通信技术股份有限公司
93,https://jobs.51job.com/chengdu-gxq/112003959.html?s=01&t=0,中广优视新媒体文化（成都）有限公司
94,https://jobs.51job.com/chengdu-gxq/107972598.html?s=01&t=0,成都振芯科技股份有限公司
95,https://jobs.51job.com/chengdu-gxq/112591778.html?s=01&t=0,讯美科技股份有限公司
96,https://jobs.51job.com/chengdu-gxq/112565813.html?s=01&t=0,亿达信息技术有限公司成都分公司
97,https://jobs.51job.com/chengdu/112582621.html?s=01&t=0,完美世界成都公司
98,https://jobs.51job.com/chengdu-chq/112593913.html?s=01&t=0,成都盛夏科技有限公司
99,https://jobs.51job.com/chengdu-gxq/112584784.html?s=01&t=0,万达信息股份有限公司
100,https://jobs.51job.com/chengdu-jjq/112629916.html?s=01&t=0,阳光人寿保险股份有限公司四川分公司
101,https://jobs.51job.com/chengdu-gxq/112489052.html?s=01&t=0,四川君逸数码科技股份有限公司
102,https://jobs.51job.com/chengdu-gxq/112626504.html?s=01&t=0,成都市灵奇空间软件有限公司
103,https://jobs.51job.com/chengdu-jjq/98178412.html?s=01&t=0,贝纳德科技（大连）有限公司
104,https://jobs.51job.com/chengdu-qyq/107061009.html?s=01&t=0,IMG泡米文化科技
105,https://jobs.51job.com/chengdu-gxq/99206338.html?s=01&t=0,成都网丁科技有限公司
106,https://jobs.51job.com/kunming-xsq/112621293.html?s=01&t=0,重庆新钶电子有限公司
107,https://jobs.51job.com/chengdu-jnq/106490345.html?s=01&t=0,中江联合（北京）科技有限公司
108,https://jobs.51job.com/chengdu-gxq/89000429.html?s=01&t=0,四川中天鹰眼信息技术有限公司
109,https://jobs.51job.com/chengdu-whq/74179904.html?s=01&t=0,成都木老仁康软件信息有限公司
110,https://jobs.51job.com/chengdu/83740046.html?s=01&t=0,广州赛意信息科技股份有限公司
111,https://jobs.51job.com/chengdu-whq/108186320.html?s=01&t=0,北极星云空间技术股份有限公司
112,https://jobs.51job.com/chengdu-gxq/112066688.html?s=01&t=0,成都多彩任意门科技有限公司
113,https://jobs.51job.com/chengdu-gxq/93703545.html?s=01&t=0,四川赛康智能科技股份有限公司
114,https://jobs.51job.com/chengdu-gxq/102390732.html?s=01&t=0,永安行科技股份有限公司
115,https://jobs.51job.com/nanjing-glq/111734637.html?s=01&t=0,北京鼎天软件有限公司成都分公司
116,https://jobs.51job.com/chengdu/112363539.html?s=01&t=0,成都风云传说科技有限公司
117,https://jobs.51job.com/chengdu/101506972.html?s=01&t=0,成都新橙北斗智联有限公司
118,https://jobs.51job.com/chengdu-jjq/112607151.html?s=01&t=0,北京直真科技股份有限公司
119,https://jobs.51job.com/chengdu-gxq/112539104.html?s=01&t=0,成都特思拓信息科技有限公司
120,https://jobs.51job.com/chengdu-whq/112604946.html?s=01&t=0,北京思路创新科技有限公司
121,https://jobs.51job.com/chengdu/96551158.html?s=01&t=0,四川千行你我科技有限公司
122,https://jobs.51job.com/chengdu/61229707.html?s=01&t=0,深圳博亚网络有限公司
123,https://jobs.51job.com/chengdu/109574729.html?s=01&t=0,成都返空汇网络技术有限公司
124,https://jobs.51job.com/chengdu-jnq/111855304.html?s=01&t=0,成都骅光医疗器械有限公司
125,https://jobs.51job.com/chengdu-jjq/88947616.html?s=01&t=0,深圳市紫川软件有限公司
126,https://jobs.51job.com/chengdu/98511866.html?s=01&t=0,成都优旭科技有限公司
127,https://jobs.51job.com/chengdu-whq/110269850.html?s=01&t=0,成都数博视科技有限公司
128,https://jobs.51job.com/chengdu/93199073.html?s=01&t=0,成都银河教育中心
129,https://jobs.51job.com/chengdu/111554349.html?s=01&t=0,成都壹玖捌玖科技有限公司
130,https://jobs.51job.com/chengdu-gxq/112579724.html?s=01&t=0,成都四象联创科技有限公司
131,https://jobs.51job.com/chengdu-jnq/112584182.html?s=01&t=0,四川众合智控科技有限公司
132,https://jobs.51job.com/chengdu-gxq/110277586.html?s=01&t=0,成都拓普森科技有限公司
133,https://jobs.51job.com/chengdu-gxq/112575938.html?s=01&t=0,成都优彼致愿教育科技有限公司
134,https://jobs.51job.com/chengdu/109289762.html?s=01&t=0,成都一亮科技有限公司
135,https://jobs.51job.com/chengdu-gxq/101097950.html?s=01&t=0,四川超影科技有限公司
136,https://jobs.51job.com/chengdu-gxq/112581685.html?s=01&t=0,成都深网智合科技有限公司
137,https://jobs.51job.com/chengdu-whq/112582754.html?s=01&t=0,成都兴龙互动科技有限公司
138,https://jobs.51job.com/chengdu-whq/111214689.html?s=01&t=0,成都心泽科技有限公司
139,https://jobs.51job.com/chengdu-gxq/112002990.html?s=01&t=0,中广优视新媒体文化（成都）有限公司
140,https://jobs.51job.com/chengdu-whq/75591994.html?s=01&t=0,南京臻信网络科技有限公司
141,https://jobs.51job.com/chengdu-jjq/93904986.html?s=01&t=0,停哪儿成都信息科技有限公司
142,https://jobs.51job.com/chengdu/111822305.html?s=01&t=0,成都三六零家庭服务有限公司
143,https://jobs.51job.com/luzhou/112582259.html?s=01&t=0,广东迪特赛恩软件技术有限公司
144,https://jobs.51job.com/chengdu-gxq/94594937.html?s=01&t=0,北京华信杰通科技有限公司
145,https://jobs.51job.com/chengdu/112595834.html?s=01&t=0,四川优智胜科技有限公司
146,https://jobs.51job.com/chengdu-chq/112590424.html?s=01&t=0,成都盛夏科技有限公司
147,https://jobs.51job.com/dalian-gxyq/112561676.html?s=01&t=0,大连艾林克斯科技有限公司
148,https://jobs.51job.com/chengdu/111803172.html?s=01&t=0,成都三个字信息技术有限公司
149,https://jobs.51job.com/chengdu-gxq/111241079.html?s=01&t=0,成都智悠行科技有限公司
150,https://jobs.51job.com/chengdu-whq/111098561.html?s=01&t=0,四川弘美科技有限公司
151,https://jobs.51job.com/chengdu/110839268.html?s=01&t=0,成都大公博创信息技术有限公司
152,https://jobs.51job.com/chengdu-whq/108854470.html?s=01&t=0,成都唯特斯软件有限公司
153,https://jobs.51job.com/chengdu-jnq/107982142.html?s=01&t=0,四川协农农业发展有限公司
154,https://jobs.51job.com/chengdu-chq/102854761.html?s=01&t=0,上海安硕信息技术股份有限公司
155,https://jobs.51job.com/chengdu-gxq/102789939.html?s=01&t=0,上海宝尊电子商务有限公司
156,https://jobs.51job.com/chengdu/97580778.html?s=01&t=0,成都华迈通信技术有限公司
157,https://jobs.51job.com/chengdu/93178013.html?s=01&t=0,四川源润通信有限公司
158,https://jobs.51job.com/chengdu-gxq/86079533.html?s=01&t=0,上海迈辰信息科技有限公司成都分公司
159,https://jobs.51job.com/chengdu/53681441.html?s=01&t=0,成都房联云码科技有限公司
160,https://jobs.51job.com/chengdu/112554316.html?s=01&t=0,全友家私有限公司
161,https://jobs.51job.com/dalian/112551131.html?s=01&t=0,大连滋德商务咨询有限公司
162,https://jobs.51job.com/chengdu-gxq/105516545.html?s=01&t=0,四川深蓝果实科技有限公司
163,https://jobs.51job.com/chengdu-gxq/44457312.html?s=01&t=0,成都慧码技术有限公司
164,https://jobs.51job.com/chengdu-gxq/112099143.html?s=01&t=0,成都优卡信息科技有限公司
165,https://jobs.51job.com/chengdu/98094026.html?s=01&t=0,电子科大科园教育中心
166,https://jobs.51job.com/chengdu-gxq/111260866.html?s=01&t=0,四川享宇金信金融科技有限公司
167,https://jobs.51job.com/chengdu-gxq/111799067.html?s=01&t=0,成都微鑫通时代科技有限公司
168,https://jobs.51job.com/chengdu/89331452.html?s=01&t=0,北京海联捷讯科技股份有限公司
169,https://jobs.51job.com/chengdu-pdq/105557138.html?s=01&t=0,上海易宝软件有限公司
170,https://jobs.51job.com/chengdu-whq/106095348.html?s=01&t=0,中之保金融科技（成都）有限公司
171,https://jobs.51job.com/chengdu-gxq/109310307.html?s=01&t=0,成都泉源堂大药房连锁股份有限公司
172,https://jobs.51job.com/chengdu-gxq/104627346.html?s=01&t=0,通威集团有限公司
173,https://jobs.51job.com/chengdu-qyq/107150483.html?s=01&t=0,上海致宇信息技术有限公司
174,https://jobs.51job.com/chengdu-whq/111228973.html?s=01&t=0,成都益东成科技有限公司
175,https://jobs.51job.com/chengdu-gxq/111808781.html?s=01&t=0,成都北纬航信网络科技有限责任公司
176,https://jobs.51job.com/chengdu/110009551.html?s=01&t=0,四川米老头食品工业集团股份有限公...
177,https://jobs.51job.com/chengdu/111297069.html?s=01&t=0,四川生活家家居集团有限公司
178,https://jobs.51job.com/chengdu-gxq/110560377.html?s=01&t=0,成都乐才信息技术服务有限公司
179,https://jobs.51job.com/chengdu/112226448.html?s=01&t=0,开能智慧能源有限公司
180,https://jobs.51job.com/chengdu/106384454.html?s=01&t=0,重庆一间科技有限公司
181,https://jobs.51job.com/chengdu/99594602.html?s=01&t=0,四川协合集团
182,https://jobs.51job.com/chengdu-gxq/110028056.html?s=01&t=0,四川天翼网络服务有限公司
183,https://jobs.51job.com/chengdu-gxq/111213495.html?s=01&t=0,成都童萌时代教育科技有限责任公司
184,https://jobs.51job.com/chengdu-whq/110353929.html?s=01&t=0,成都百年创想科技有限公司
185,https://jobs.51job.com/chengdu/107571433.html?s=01&t=0,成都傅立叶电子科技有限公司
186,https://jobs.51job.com/chengdu/108753380.html?s=01&t=0,北京楚天龙科技发展有限公司
187,https://jobs.51job.com/chengdu-whq/107777898.html?s=01&t=0,海尔集团金融控股有限公司
188,https://jobs.51job.com/chengdu-pdq/112460780.html?s=01&t=0,百年旭康医疗器械有限公司
189,https://jobs.51job.com/hangzhou-xsq/106074120.html?s=01&t=0,浙江盛和网络科技有限公司
190,https://jobs.51job.com/chengdu-gxq/108585678.html?s=01&t=0,四川新途居文化旅游发展有限公司
191,https://jobs.51job.com/chengdu-gxq/107249960.html?s=01&t=0,成都我行我数科技有限公司
192,https://jobs.51job.com/chengdu-gxq/109286848.html?s=01&t=0,北京小鱼易连科技有限公司
193,https://jobs.51job.com/chengdu-whq/112242946.html?s=01&t=0,国广互联科技（北京）有限公司
194,https://jobs.51job.com/chengdu-slq/110235641.html?s=01&t=0,四川省科学城天人环保有限公司
195,https://jobs.51job.com/chengdu/102867118.html?s=01&t=0,上海慧邦财务管理咨询有限公司驻成...
196,https://jobs.51job.com/chengdu-whq/111580600.html?s=01&t=0,四川苏雅拉教育科技有限公司
197,https://jobs.51job.com/chengdu-gxq/102757980.html?s=01&t=0,南宁市迈越软件有限责任公司
198,https://jobs.51job.com/chengdu/111722972.html?s=01&t=0,深圳市网新新思软件有限公司
199,https://jobs.51job.com/chengdu/110738482.html?s=01&t=0,重庆威视真科技有限公司
